genome_id	genome_name	RepGen.100	RepGen.200
			
100226.1	Streptomyces coelicolor A3(2)	100226.15	100226.15
			
1002809.3	Solibacillus silvestris StLB046	1002809.3	1002809.3
			
1005048.3	Collimonas fungivorans Ter331	1005048.3	1005048.3
			
1005058.3	Gallibacterium anatis UMN179	71421.8	1005058.3
			
1006551.4	Klebsiella oxytoca KCTC 1686	511145.12	511145.12
			
1007096.3	Oscillibacter ruminantium GH1	1007096.3	1007096.3
			
1007105.3	Pusillimonas sp. T7-7	568707.3	1007105.3
			
101510.15	Rhodococcus jostii RHA1	1448389.3	2806442.3
			
1026882.3	Methylophaga aminisulfidivorans MP	1026882.3	1026882.3
			
1028307.3	Enterobacter aerogenes KCTC 2190	511145.12	511145.12
			
103690.1	Nostoc sp. PCC 7120	1170562.3	99598.3
			
1045004.4	Oenococcus kitaharae DSM 17330	203123.7	1045004.4
			
1048339.3	Sporichthya polymorpha DSM 43042	1048339.7	1048339.7
			
1049789.4	Leptospira broomii str. 5399	1049972.3	1049789.4
			
1051632.5	Sulfobacillus acidophilus TPY 	1051632.5	1051632.5
			
106370.11	Frankia sp. Ccl3	106370.16	106370.16
			
1069080.3	Succinispira mobilis DSM 6222	1069080.9	1069080.9
			
1069534.5	Lactobacillus ruminis ATCC 27782	362948.14	1623.264
			
1073972.4	Arthromitus sp. SFB-mouse-NYU	1041504.3	1041809.3
			
1078846.3	Methylovulum miyakonense HT12	271065.3	1078846.3
			
1085623.3	Glaciecola nitratireducens FR1064	283942.6	1085623.3
			
1088868.3	Commensalibacter intestini A911	1088868.3	1088868.3
			
1112215.3	Salinibacterium sp. PAMC 21357	312284.4	312284.4
			
1117647.4	Simiduia agarivorans SA1 = DSM 21679	498211.5	1117647.4
			
1120924.3	Acinetobacter baylyi DSM 14961 = CIP 107474	871585.3	871585.3
			
1120961.3	Ahrensia kielensis DSM 5890	1120961.3	1120961.3
			
1121428.3	Desulfotomaculum hydrothermale Lam5 = DSM 18033	696281.4	1121428.3
			
1121451.3	Desulfovibrio hydrothermalis AM13 = DSM 14728	526222.3	526222.3
			
1121862.3	Endozoicomonas elysicola DSM 22380	305900.3	305900.3
			
1121876.3	Fangia hongkongensis DSM 21703	1121876.3	1121876.3
			
1122132.3	Kaistia granuli DSM 23481	1122131.7	1122132.6
			
1122135.3	Kiloniella laminariae DSM 19542	1936025.3	1122135.3
			
1122137.3	Kordiimonas gwangyangensis DSM 19435	2872312.3	1122137.3
			
1122228.3	Metascardovia criceti DSM 17774	1122228.3	1122228.3
			
1123236.3	Salinimonas chungwhensis DSM 16280	2729140.3	1858656.3
			
1123502.3	Wohlfahrtiimonas chitiniclastica DSM 18708	1261130.3	1261130.3
			
1131462.4	Dehalobacter sp. CF	1131462.4	1131462.4
			
1132443.3	Methylosarcina fibrata AML-C10	271065.3	1132443.3
			
1140.3	Synechococcus elongatus PCC 7942	1140.7	1140.7
			
1146883.3	Blastococcus saxobsidens DD2	526225.7	1146883.3
			
1147128.3	Bifidobacterium asteroides PRL2011	1122228.3	1687.3
			
1148.1	Synechocystis sp. PCC 6803	1148.35	1148.35
			
1156986.4	Diplorickettsia massiliensis 20B	1156986.4	1156986.4
			
115711.7	Chlamydophila pneumoniae AR39	115713.3	115713.3
			
1157951.4	Providencia stuartii MRSN 2154	511145.12	1157951.4
			
1162668.3	Leptospirillum ferrooxidans C2-3	1162668.3	1162668.3
			
1163389.3	Francisella noatunensis subsp. orientalis str. Toba 04	177416.18	573569.4
			
1166018.3	Fibrella aestuarina	2817060.3	1166018.3
			
1169145.3	Cryocola sp. 340MFSha3.1	1150399.3	1150399.3
			
1171373.8	Propionibacterium acidipropionici ATCC 4875	1749.18	1171373.8
			
1171377.3	Bibersteinia trehalosi USDA-ARS-USMARC-192	71421.8	1171377.3
			
1172188.3	Terracoccus sp. 273MFTsu3.1	1727.3	1727.3
			
1173022.3	Crinalium epipsammum PCC 9333	2692873.3	1173022.3
			
1173026.3	Gloeocapsa sp. PCC 7428	1173026.3	1173026.3
			
1179773.3	Saccharothrix espanaensis DSM 44229	675635.11	1179773.3
			
1184607.3	Austwickia chelonae NBRC 105200	1184607.3	1184607.3
			
1185876.3	Fibrisoma limi	2745947.3	1185876.3
			
1191523.3	Melioribacter roseus P3M	1191523.3	1191523.3
			
1193729.4	Endolissoclinum patella L2	1401328.3	1193729.4
			
1195246.3	Alishewanella agri BL06	211586.12	1195246.3
			
1199245.3	secondary endosymbiont of Ctenarytaina eucalypti Thao2000	1199245.3	1199245.3
			
1203568.3	Dermabacter sp. HFH0086	1203568.3	1203568.3
			
1203605.3	Propionibacterium sp. oral taxon 192 str. F0372	1203605.3	1203605.3
			
1206109.5	Portiera aleyrodidarum BT-B	1206109.5	1206109.5
			
1208365.4	SAR86 cluster bacterium SAR86E	1208365.4	1208365.4
			
1209989.3	Tepidanaerobacter acetatoxydans Re1	499229.3	499229.3
			
1215343.11	Liberibacter crescens BT-1	1215343.11	1215343.11
			
1218108.3	Empedobacter brevis NBRC 14943 = ATCC 43319	865938.3	1946432.3
			
122587.1	Neisseria meningitidis Z2491	242231.10	242231.10
			
1230341.3	Salimicrobium sp. MJ3	1230341.3	1230341.3
			
123214.3	Persephonella marina EX-H1	123214.3	123214.3
			
1234409.3	Catellicoccus marimammalium M35/04/3	1234409.3	1234409.3
			
1234679.3	Carnobacterium maltaromaticum LMA28	1087479.3	1087479.3
			
1235755.3	Salinicoccus carnicancri Crm	1235755.3	1235755.3
			
1235794.3	Enterorhabdus caecimuris B7	1384484.3	1384484.3
			
1238674.3	Weissella ceti NC36	1238674.3	1238674.3
			
1248916.3	Sandarakinorhabdus sp. AAP62	1123240.4	1123240.4
			
1255043.3	Thioalkalivibrio nitratireducens DSM 14787	1255043.3	1255043.3
			
1260251.3	Spiribacter salinus M19-40	1260251.3	1260251.3
			
1278308.3	Zimmermannella faecalis ATCC 13722	1278308.3	1278308.3
			
1279017.3	Microbulbifer variabilis ATCC 700307	1042377.3	1279017.3
			
1279038.3	Novispirillum itersonii subsp. itersonii ATCC 12639	189.8	189.8
			
1298593.3	Thalassolituus oleivorans MIL-1	1298593.3	1298593.3
			
13035.3	Dactylococcopsis salina PCC 8305	65093.3	13035.3
			
1303518.3	Chthonomonas calidirosea T49	1303518.3	1303518.3
			
1316932.3	Mannheimia haemolytica M42548	71421.8	416269.6
			
134287.3	secondary endosymbiont of Heteropsylla cubana Thao2000	134287.3	134287.3
			
134676.3	Actinoplanes sp. SE50/110	134676.3	134676.3
			
137722.3	Azospirillum sp. B510	862719.3	862719.3
			
138119.3	Desulfitobacterium sp. Y51	768710.3	1121395.3
			
142586.28	Eubacterium sp. strain UBA10759	717961.3	717961.3
			
1519439.626	Oscillibacter sp. ER4 XieH_2016__YSZC12003_36012__bin.11	707003.271	707003.271
			
1538.8	Clostridium ljungdahlii	1121290.3	1538.8
			
155920.1	Xylella fastidiosa Ann-1	190485.4	160492.11
			
156586.3	Flavobacteria sp. BBFL7	592029.3	906888.9
			
156889.7	Magnetococcus sp. MC-1	156889.10	156889.10
			
158878.1	Staphylococcus aureus subsp. aureus Mu50	176280.10	93061.5
			
158879.1	Staphylococcus aureus subsp. aureus N315	176280.10	93061.5
			
159087.4	Dechloromonas aromatica RCB	640081.3	159087.6
			
160488.1	Pseudomonas putida KT2440	208964.12	160488.4
			
160490.1	Streptococcus pyogenes M1 GAS	160490.10	160490.10
			
160491.17	Streptococcus pyogenes str. Manfredo	160490.10	160490.10
			
160492.1	Xylella fastidiosa 9a5c	190485.4	160492.11
			
1627894.4	Lascolabacillus massiliensis strain SIT8	1978337.3	1627894.4
			
163164.1	Wolbachia sp. endosymbiont of Drosophila melanogaster	570417.4	66084.3
			
1637502.3	Odoribacter sp. N15.MGS-14	709991.3	709991.3
			
164546.7	Cupriavidus taiwanensis	267608.8	266264.9
			
167555.5	Prochlorococcus marinus str. NATL1A	59920.5	59920.5
			
167879.3	Colwellia psychrerythraea 34H	167879.5	167879.5
			
169963.1	Listeria monocytogenes EGD-e	169963.11	169963.11
			
171101.1	Streptococcus pneumoniae R6	764298.7	171101.6
			
172733.999	uncultured Clostridiales bacterium BritoIL_2016__M1.16.ST__bin.34	172733.999	2714353.3
			
176279.3	Staphylococcus epidermidis RP62A	176280.10	176280.10
			
176299.3	Agrobacterium tumefaciens str. C58	176299.10	176299.10
			
177437.4	Desulfobacterium autotrophicum HRM2	177437.4	177437.4
			
177439.1	Desulfotalea psychrophila LSv54	177439.1	177439.1
			
178306.1	Pyrobaculum aerophilum str. IM2	444157.8	2004705.3
			
180281.4	Cyanobium sp. PCC 7001	180281.4	180281.4
			
1806462.22	Mycoplasma sp. synthetic bacterium JCVI-Syn3.0	272632.4	272632.4
			
182217.3	Helicobacter cetorum MIT 00-7128	85962.8	1163745.3
			
186497.1	Pyrococcus furiosus DSM 3638	272844.11	186497.12
			
187272.6	Alkalilimnicola ehrlichii MLHE-1	187272.10	187272.10
			
187303.17	Methylocystis sp. SC2	187303.17	187303.17
			
187420.1	Methanothermobacter thermautotrophicus str. Delta H	187420.15	187420.15
			
188937.1	Methanosarcina acetivorans C2A	192952.21	192952.21
			
190192.1	Methanopyrus kandleri AV19	190192.8	190192.8
			
190304.1	Fusobacterium nucleatum subsp. nucleatum ATCC 25586	190304.8	190304.8
			
190485.1	Xanthomonas campestris pv. campestris ATCC 33913	190485.4	190485.4
			
190486.1	Xanthomonas axonopodis pv. citri str. 306	190485.4	317013.84
			
190650.1	Caulobacter crescentus CB15	190650.5	190650.5
			
192952.1	Methanosarcina mazei Go1	192952.21	192952.21
			
194439.1	Chlorobium tepidum TLS	194439.7	194439.7
			
195099.3	Campylobacter jejuni RM1221	192222.6	192222.6
			
195103.9	Clostridium perfringens ATCC 13124	195103.10	195103.10
			
196162.6	Nocardioides sp. JS614	1380392.3	1380392.3
			
196164.1	Corynebacterium efficiens YS-314	196627.13	196627.13
			
196627.4	Corynebacterium glutamicum ATCC 13032	196627.13	196627.13
			
197221.1	Thermosynechococcus elongatus BP-1	197221.4	197221.4
			
198094.1	Bacillus anthracis str. Ames	226900.8	226900.8
			
198215.1	Shigella flexneri 2a str. 2457T	511145.12	511145.12
			
203119.11	Clostridium thermocellum ATCC 27405	203119.11	203119.11
			
203120.4	Leuconostoc mesenteroides subsp. mesenteroides ATCC 8293	203120.7	203120.7
			
203122.12	Saccharophagus degradans 2-40	203122.15	203122.15
			
203123.5	Oenococcus oeni PSU-1	203123.7	203123.7
			
203124.6	Trichodesmium erythraeum IMS101	313612.5	203124.6
			
203267.1	Tropheryma whipplei str. Twist	203267.6	203267.6
			
203275.8	Tannerella forsythia ATCC 43037	203275.8	203275.8
			
203907.1	Blochmannia floridanus	203907.6	203907.6
			
204536.4	Sulfurihydrogenibium azorense Az-Fu1	204536.4	204536.4
			
204669.6	Acidobacteria bacterium Ellin345	204669.11	204669.11
			
204773.3	Herminiimonas arsenicoxydans	204773.6	204773.6
			
2049040.8	Roseburia sp. strain UBA10760	515619.6	301301.604
			
205914.5	Haemophilus  somnus 129PT	71421.8	205914.11
			
205921.3	Streptococcus agalactiae A909	160490.10	1311.3031
			
205922.3	Pseudomonas fluorescens PfO-1	208964.12	223283.9
			
207559.3	Desulfovibrio desulfuricans G20	882.5	207559.7
			
207949.3	Bermanella marisrubri	207949.12	207949.12
			
208964.1	Pseudomonas aeruginosa PAO1	208964.12	208964.12
			
209261.1	Salmonella enterica subsp. enterica serovar Typhi Ty2	511145.12	511145.12
			
210007.1	Streptococcus mutans UA159	160490.10	210007.7
			
211586.9	Shewanella oneidensis MR-1	211586.12	211586.12
			
212042.5	Anaplasma phagocytophilum HZ	212042.8	212042.8
			
212717.8	Clostridium tetani E88	441771.6	212717.8
			
2144189.15	Mycoplasma sp. synthetic bacterium JCVI-Syn3A	272632.4	272632.4
			
216432.7	Croceibacter atlanticus HTCC2559	216432.7	216432.7
			
216596.11	Rhizobium leguminosarum bv. viciae 3841	176299.10	216596.11
			
217.1	Helicobacter mustelae 43772	679897.3	679897.3
			
218491.3	Erwinia carotovora subsp. atroseptica SCRI1043	511145.12	561229.3
			
218496.1	Tropheryma whipplei TW08/27	203267.6	203267.6
			
218497.4	Chlamydophila abortus S26/3	331636.3	331636.3
			
219305.4	Micromonospora sp. ATCC 39149	391037.6	648999.4
			
221109.1	Oceanobacillus iheyensis HTE831	221109.4	221109.4
			
221988.1	Mannheimia succiniciproducens MBEL55E	71421.8	221988.4
			
222891.5	Neorickettsia sennetsu str. Miyayama	434131.3	222891.8
			
223926.6	Vibrio parahaemolyticus RIMD 2210633	312309.11	265668.17
			
224308.1	Bacillus subtilis subsp. subtilis str. 168	224308.43	224308.43
			
224324.1	Aquifex aeolicus VF5	224324.8	224324.8
			
224325.1	Archaeoglobus fulgidus DSM 4304	224325.10	224325.10
			
224326.1	Borrelia burgdorferi B31	139.379	139.379
			
224911.1	Bradyrhizobium japonicum USDA 110	224911.5	224911.5
			
224914.1	Brucella melitensis 16M	520461.7	520461.7
			
226185.1	Enterococcus faecalis V583	226185.9	226185.9
			
226186.1	Bacteroides thetaiotaomicron VPI-5482	295405.11	471870.8
			
226900.1	Bacillus cereus ATCC 14579	226900.8	226900.8
			
227882.1	Streptomyces avermitilis MA-4680	100226.15	227882.9
			
228405.5	Hyphomonas neptunium ATCC 15444	228405.9	228405.9
			
228410.1	Nitrosomonas europaea ATCC 19718	228410.6	228410.6
			
228908.1	Nanoarchaeum equitans Kin4-M	228908.8	228908.8
			
229193.1	Yersinia pestis biovar Medievalis str. 91001	2029683.3	393305.7
			
232721.5	Acidovorax sp. JS42	535289.3	535289.3
			
233412.1	Haemophilus ducreyi 35000HP	71421.8	233412.5
			
234267.9	Solibacter usitatus Ellin6076	234267.13	234267.13
			
234826.3	Anaplasma marginale str. St. Maries	234826.6	234826.6
			
235279.1	Helicobacter hepaticus ATCC 51449	235279.5	235279.5
			
235909.3	Geobacillus kaustophilus HTA426	420246.7	420246.7
			
237727.3	Erythrobacter sp. NAP1	237727.5	237727.5
			
240015.3	Acidobacterium capsulatum ATCC 51196	240015.3	240015.3
			
240016.6	Verrucomicrobium spinosum DSM 4136	240016.6	240016.6
			
240292.3	Anabaena variabilis ATCC 29413	1170562.3	99598.3
			
243090.1	Pirellula sp. 1	243090.15	243090.15
			
243090.15	Rhodopirellula baltica SH 1	243090.15	243090.15
			
243160.4	Burkholderia mallei ATCC 23344	243160.12	243160.12
			
243161.4	Chlamydia muridarum Nigg	471472.4	243161.6
			
243164.3	Dehalococcoides ethenogenes 195	216389.10	216389.10
			
243230.1	Deinococcus radiodurans R1	243230.17	243230.17
			
243231.1	Geobacter sulfurreducens PCA	243231.5	243231.5
			
243232.1	Methanocaldococcus jannaschii DSM 2661	1301915.4	1301915.4
			
243233.4	Methylococcus capsulatus str. Bath	243233.7	243233.7
			
243265.1	Photorhabdus luminescens subsp. laumondii TTO1	2029683.3	243265.5
			
243273.1	Mycoplasma genitalium G-37	243273.25	243273.25
			
243274.1	Thermotoga maritima MSB8	243274.5	243274.5
			
243275.1	Treponema denticola ATCC 35405	243275.1	243275.1
			
243276.1	Treponema pallidum subsp. pallidum str. Nichols	243276.1	243276.1
			
243277.1	Vibrio cholerae O1 biovar eltor str. N16961	312309.11	243277.26
			
243365.1	Chromobacterium violaceum ATCC 12472	243365.4	243365.4
			
244592.3	Labrenzia alexandrii DFL-11	991905.3	1397530.3
			
246194.3	Carboxydothermus hydrogenoformans Z-2901	246194.6	246194.6
			
246195.3	Dichelobacter nodosus VCS1703A	246195.4	246195.4
			
246196.19	Mycobacterium smegmatis str. MC2 155	246196.19	246196.19
			
246197.19	Myxococcus xanthus DK 1622	1192034.3	1192034.3
			
246200.7	Ruegeria pomeroyi DSS-3	420998.4	89184.13
			
246201.1	Streptococcus mitis NCTC 12261	764298.7	171101.6
			
247156.1	Nocardia farcinica IFM 10152	1448389.3	247156.8
			
247639.3	marine gamma proteobacterium HTCC2080	247639.3	247639.3
			
251221.1	Gloeobacter violaceus PCC 7421	251221.4	251221.4
			
252305.5	Oceanicola batsensis HTCC2597	252305.5	252305.5
			
257309.1	Corynebacterium diphtheriae NCTC 13129	1224164.3	698968.3
			
257310.1	Bordetella bronchiseptica RB50	568707.3	568707.3
			
257311.1	Bordetella parapertussis 12822	568707.3	568707.3
			
257313.1	Bordetella pertussis Tohama I	568707.3	568707.3
			
257363.1	Rickettsia typhi str. Wilmington	272947.5	272947.5
			
258594.1	Rhodopseudomonas palustris CGA009	224911.5	258594.8
			
259536.4	Psychrobacter sp. 273-4	335284.6	335284.6
			
259564.8	Methanococcoides burtonii DSM 6242	259564.15	259564.15
			
261594.1	Bacillus anthracis str. 'Ames Ancestor'	226900.8	226900.8
			
262543.4	Exiguobacterium sibiricum 255-15	262543.8	262543.8
			
262698.3	Brucella abortus biovar 1 str. 9-941	520461.7	520461.7
			
262723.3	Mycoplasma synoviae 53	262723.5	262723.5
			
262724.1	Thermus thermophilus HB27	300852.9	300852.9
			
262768.1	Onion yellows phytoplasma OY-M	321961.3	321961.3
			
263358.5	Verrucosispora maris AB-18-032	391037.6	263358.5
			
263820.1	Picrophilus torridus DSM 9790	263820.9	263820.9
			
264198.3	Ralstonia eutropha JMP134	267608.8	266264.9
			
264201.15	Candidatus Protochlamydia amoebophila UWE25	389348.3	362787.3
			
264203.3	Zymomonas mobilis subsp. mobilis ZM4	264203.5	264203.5
			
264462.1	Bdellovibrio bacteriovorus HD100	264462.9	264462.9
			
264730.3	Pseudomonas syringae pv. phaseolicola 1448A	208964.12	223283.9
			
264731.4	Prevotella ruminicola 23	264731.4	264731.4
			
264732.9	Moorella thermoacetica ATCC 39073	264732.11	264732.11
			
265072.7	Methylobacillus flagellatus KT	1825523.3	265072.11
			
265311.3	Mesoplasma florum L1	265311.5	265311.5
			
266117.19	Rubrobacter xylanophilus DSM 9941	266117.10	266117.10
			
266264.4	Cupriavidus metallidurans CH34	267608.8	266264.9
			
266265.5	Burkholderia xenovorans LB400	243160.12	1218074.4
			
266779.9	Chelativorans sp. BNC1	520461.7	266779.9
			
266834.1	Sinorhizobium meliloti 1021	176299.10	266834.11
			
266835.1	Mesorhizobium loti MAFF303099	1320556.3	765698.3
			
266940.25	Kineococcus radiotolerans SRS30216 = ATCC BAA-149	131568.6	131568.6
			
267377.1	Methanococcus maripaludis S2	406327.12	267377.15
			
267608.1	Ralstonia solanacearum GMI1000	267608.8	105219.7
			
267671.1	Leptospira interrogans serovar Copenhageni str. Fiocruz L1-130	189518.3	189518.3
			
267747.1	Propionibacterium acnes KPA171202	267747.3	267747.3
			
267748.1	Mycoplasma mobile 163K	267748.5	267748.5
			
269483.3	Burkholderia cepacia R18194	243160.12	243160.12
			
269484.4	Ehrlichia canis str. Jake	269484.6	269484.6
			
269796.9	Rhodospirillum rubrum ATCC 11170	269796.9	269796.9
			
269797.3	Methanosarcina barkeri str. fusaro	192952.21	192952.21
			
269798.12	Cytophaga hutchinsonii ATCC 33406	269798.16	269798.16
			
269799.3	Geobacter metallireducens GS-15	243231.5	269799.8
			
269800.4	Thermobifida fusca YX	269800.6	269800.6
			
271065.3	Methylomicrobium alcaliphilum	271065.3	271065.3
			
272557.1	Aeropyrum pernix K1	1198449.6	1198449.6
			
272558.1	Bacillus halodurans C-125	272558.8	272558.8
			
272559.3	Bacteroides fragilis ATCC 25285	295405.11	295405.11
			
272561.1	Chlamydia trachomatis D/UW-3/CX	471472.4	471472.4
			
272562.1	Clostridium acetobutylicum ATCC 824	272562.8	272562.8
			
272564.4	Desulfitobacterium hafniense DCB-2	768710.3	1121395.3
			
272568.11	Gluconacetobacter diazotrophicus PAl 5	634177.7	272568.11
			
272620.3	Klebsiella pneumoniae MGH 78578	511145.12	511145.12
			
272621.3	Lactobacillus acidophilus NCFM	272621.13	272621.13
			
272623.1	Lactococcus lactis subsp. lactis Il1403	272623.7	272623.7
			
272624.3	Legionella pneumophila subsp. pneumophila str. Philadelphia 1	272624.6	272624.6
			
272626.1	Listeria innocua Clip11262	169963.11	169963.11
			
272631.1	Mycobacterium leprae TN	83332.12	1008298.3
			
272633.1	Mycoplasma penetrans HF-2	272633.4	272633.4
			
272634.1	Mycoplasma pneumoniae M129	272634.6	272634.6
			
272635.1	Mycoplasma pulmonis UAB CTIP	272635.4	272635.4
			
272843.1	Pasteurella multocida subsp. multocida str. Pm70	71421.8	272843.6
			
272844.1	Pyrococcus abyssi GE5	272844.11	272844.11
			
272942.6	Rhodobacter capsulatus SB1003	272943.9	1061.25
			
272943.3	Rhodobacter sphaeroides 2.4.1	272943.9	272943.9
			
273057.1	Sulfolobus solfataricus P2	427317.9	427317.9
			
273063.1	Sulfolobus tokodaii str. 7	273063.9	273063.9
			
273068.3	Thermoanaerobacter tengcongensis MB4	340099.6	911092.6
			
273075.1	Thermoplasma acidophilum DSM 1728	273075.10	273075.10
			
273116.1	Thermoplasma volcanium GSS1	273116.8	273116.8
			
273119.1	Ureaplasma parvum serovar 3 ATCC 700970	505682.4	505682.4
			
273121.1	Wolinella succinogenes DSM 1740	273121.8	273121.8
			
273123.1	Yersinia pseudotuberculosis IP 32953	2029683.3	393305.7
			
279010.5	Bacillus licheniformis ATCC 14580	224308.43	279010.13
			
279238.18	Novosphingobium aromaticivorans DSM 12444	279238.18	279238.18
			
279714.3	Lutiella nitroferrum 2002	557598.3	279714.3
			
279808.3	Staphylococcus haemolyticus JCSC1435	176280.10	28035.257
			
281309.3	Bacillus thuringiensis serovar konkukian str. 97-27	226900.8	226900.8
			
281689.4	Desulfuromonas acetoxidans DSM 684	2919173.3	281689.4
			
282458.1	Staphylococcus aureus subsp. aureus MRSA252	176280.10	93061.5
			
283165.1	Bartonella quintana str. Toulouse	1293911.3	283165.4
			
283166.1	Bartonella henselae str. Houston-1	1293911.3	1134510.3
			
283942.3	Idiomarina loihiensis L2TR	283942.6	283942.6
			
287752.3	Aurantimonas manganoxydans SI85-9A1	287752.3	287752.3
			
288000.5	Bradyrhizobium sp. BTAi1	224911.5	224911.5
			
288705.3	Renibacterium salmoninarum ATCC 33209	361575.7	288705.4
			
289376.4	Thermodesulfovibrio yellowstonii DSM 11347	289376.4	289376.4
			
290315.4	Chlorobium limicola DSM 245	290318.6	290315.5
			
290318.4	Prosthecochloris vibrioformis DSM 265	290318.6	290318.6
			
290338.6	Citrobacter koseri ATCC BAA-895	511145.12	511145.12
			
290339.8	Cronobacter sakazakii ATCC BAA-894	511145.12	511145.12
			
290397.13	Anaeromyxobacter dehalogenans 2CP-C	290397.18	290397.18
			
290398.4	Chromohalobacter salexigens DSM 3043	290398.11	290398.11
			
290402.34	Clostridium beijerincki beijerinckii NCIMB 8052	290402.41	290402.41
			
290434.1	Borrelia garinii PBi	139.379	139.379
			
290512.6	Prosthecochloris aestuarii DSM 271	2743976.3	2283143.3
			
290633.1	Gluconobacter oxydans 621H	290633.11	290633.11
			
292415.3	Thiobacillus denitrificans ATCC 25259	292415.6	292415.6
			
292459.1	Symbiobacterium thermophilum IAM 14863	292459.5	292459.5
			
292805.3	Wolbachia endosymbiont strain TRS of Brugia malayi	570417.4	292805.6
			
293653.3	Streptococcus pyogenes MGAS5005	160490.10	160490.10
			
293826.4	Alkaliphilus metalliredigens QYMF	293826.6	293826.6
			
295358.3	Mycoplasma hyopneumoniae 232	262719.5	262719.5
			
296591.12	Polaromonas sp. JS666	535289.3	296591.12
			
297245.3	Legionella pneumophila str. Lens	272624.6	272624.6
			
297246.3	Legionella pneumophila str. Paris	272624.6	272624.6
			
298386.1	Photobacterium profundum SS9	312309.11	312309.11
			
298653.4	Frankia sp. EAN1pec	106370.16	298653.7
			
299768.3	Streptococcus thermophilus CNRZ1066	160490.10	264199.4
			
300267.13	Shigella dysenteriae Sd197	511145.12	511145.12
			
300852.3	Thermus thermophilus HB8	300852.9	300852.9
			
302409.3	Ehrlichia ruminantium str. Gardel	254945.26	254945.26
			
306264.1	Campylobacter upsaliensis RM3195	192222.6	888826.3
			
309798.3	Coprothermobacter proteolyticus DSM 5265	309798.4	309798.4
			
309799.3	Dictyoglomus thermophilum H-6-12	515635.4	515635.4
			
309801.4	Thermomicrobium roseum DSM 5159	309801.4	309801.4
			
309807.19	Salinibacter ruber DSM 13855	309807.25	309807.25
			
311403.8	Agrobacterium radiobacter K84	176299.10	311403.8
			
312153.3	Polynucleobacter sp. QLW-P1DMWA-1	312153.5	312153.5
			
312284.4	marine actinobacterium PHSC20C1	312284.4	312284.4
			
312309.3	Vibrio fischeri ES114	312309.11	312309.11
			
313589.5	Janibacter sp. HTCC2649	313589.5	313589.5
			
313590.6	Dokdonia donghaensis MED134	216432.7	313590.6
			
313594.4	Polaribacter irgensii 23-P	313594.4	313598.6
			
313595.4	Psychroflexus torquis ATCC 700755	313594.4	1189619.4
			
313596.4	Robiginitalea biformata HTCC2501	216432.7	313596.4
			
313598.3	Tenacibaculum sp. MED152	313594.4	313598.6
			
313603.4	Flavobacteriales bacterium HTCC2170	867900.3	313603.6
			
314225.8	Erythrobacter litoralis HTCC2594	237727.5	314225.8
			
314230.4	Blastopirellula marina DSM 3645	2527970.3	2527970.3
			
314231.3	Fulvimarina pelagi HTCC2506	370622.4	314231.3
			
314232.4	Loktanella vestfoldensis SKA53	759362.5	314232.4
			
314254.5	Oceanicaulis alexandrii HTCC2633	1122613.3	1122613.3
			
314260.5	Parvularcula bermudensis HTCC2503	314260.8	314260.8
			
314262.3	Roseobacter sp. MED193	420998.4	439496.3
			
314264.3	Roseovarius sp. 217	314270.3	314264.4
			
314265.3	Roseovarius sp. HTCC2601	314270.3	314265.3
			
314266.4	Sphingomonas sp. SKA58	1129547.3	690566.3
			
314267.3	Sulfitobacter sp. NAS-14.1	314270.3	1406866.3
			
314275.6	Alteromonas macleodii 'Deep ecotype'	2729140.3	589873.3
			
314281.6	Pseudoalteromonas tunicata strain D2	2796132.3	314281.6
			
314283.5	Reinekea blandensis MED297	314283.5	314283.5
			
314285.4	Congregibacter litoralis KT71	314285.4	314285.4
			
314292.23	Photobacterium angustum S14	312309.11	675817.3
			
314345.3	Mariprofundus ferrooxydans PV-1	314344.7	314344.7
			
314607.3	beta proteobacterium KB13	314607.3	314607.3
			
314723.3	Borrelia hermsii DAH	314723.3	314723.3
			
316056.14	Rhodopseudomonas palustris BisB18	224911.5	316056.16
			
316067.3	Geobacter sp. FRC-32	404380.4	316067.3
			
316274.3	Herpetosiphon aurantiacus ATCC 23779	316274.7	316274.7
			
316275.9	Aliivibrio salmonicida LFI1238	312309.11	312309.11
			
316279.3	Synechococcus sp. CC9902	180281.4	316279.6
			
316407.3	Escherichia coli W3110	511145.12	511145.12
			
317025.3	Thiomicrospira crunogena XCL-2	317025.9	317025.9
			
317655.9	Sphingopyxis alaskensis RB2256	317655.17	317655.17
			
318161.14	Shewanella denitrificans OS217	211586.12	318167.14
			
318586.4	Paracoccus denitrificans PD1222	272943.9	318586.5
			
319225.3	Pelodictyon luteolum DSM 273	290318.6	319225.5
			
319795.16	Deinococcus geothermalis DSM 11300	243230.17	319795.16
			
321955.3	Brevibacterium linens BL2	321955.4	321955.4
			
321967.8	Lactobacillus casei ATCC 334	321967.11	321967.11
			
322710.5	Azotobacter vinelandii DJ	208964.12	322710.5
			
323097.3	Nitrobacter hamburgensis X14	224911.5	323098.6
			
323259.5	Methanospirillum hungatei JF-1	323259.15	323259.15
			
323261.3	Nitrosococcus oceani ATCC 19707	323261.6	323261.6
			
323848.3	Nitrosospira multiformis ATCC 25196	323848.4	323848.4
			
324057.4	Paenibacillus sp. JDR-2	324057.4	324057.4
			
324602.4	Chloroflexus aurantiacus J-10-fl	324602.8	324602.8
			
324925.4	Pelodictyon phaeoclathratiforme BU-1	290318.6	324925.4
			
325240.9	Shewanella baltica OS155	211586.12	211586.12
			
326297.7	Shewanella amazonensis SB2B	211586.12	326297.10
			
326298.3	Thiomicrospira denitrificans ATCC 33889	326298.7	326298.7
			
326424.13	Frankia alni ACN14a	106370.16	326424.15
			
326426.4	Bifidobacterium breve UCC2003	206672.9	206672.9
			
326442.4	Pseudoalteromonas haloplanktis TAC125	2796132.3	326442.8
			
329726.14	Acaryochloris marina MBIC11017	395961.9	2762553.3
			
330214.5	Candidatus Nitrospira defluvii	330214.5	330214.5
			
33043.1533	Coprococcus eutactus strain MGYG-HGUT-00231	33043.1533	411474.92
			
330779.3	Sulfolobus acidocaldarius DSM 639	330779.12	330779.12
			
331104.5	Blattabacterium sp. (Blattella germanica) str. Bge	331104.5	331104.5
			
334380.3	Orientia tsutsugamushi str. Ikeda	357244.4	357244.4
			
334390.3	Lactobacillus fermentum IFO 3956	575594.3	334390.5
			
334413.6	Finegoldia magna ATCC 29328	334413.6	334413.6
			
335283.5	Nitrosomonas eutropha C91	228410.6	1658667.3
			
335284.3	Psychrobacter cryohalolentis K5	335284.6	335284.6
			
335541.4	Syntrophomonas wolfei subsp. wolfei str. Goettingen	335541.7	335541.7
			
335543.6	Syntrophobacter fumaroxidans MPOB	335543.9	335543.9
			
335992.3	Pelagibacter ubique HTCC1062	335992.9	335992.9
			
336407.4	Rickettsia bellii RML369-C	272947.5	336407.7
			
338187.4	Vibrio harveyi ATCC BAA-1116	312309.11	265668.17
			
338963.3	Pelobacter carbinolicus DSM 2380	338963.6	338963.6
			
338966.5	Pelobacter propionicus DSM 2379	398767.5	338966.9
			
338969.3	Rhodoferax ferrireducens DSM 15236	535289.3	338969.11
			
339671.5	Actinobacillus succinogenes 130Z	71421.8	123820.3
			
339860.6	Methanosphaera stadtmanae DSM 3091	339860.19	339860.19
			
340099.4	Thermoanaerobacter pseudethanolicus ATCC 33223	340099.6	340099.6
			
340102.3	Pyrobaculum arsenaticum DSM 13514	444157.8	698757.19
			
340177.8	Chlorobium chlorochromatii CaD3	194439.7	340177.11
			
342108.5	Magnetospirillum magneticum AMB-1	1430440.4	1244869.3
			
342610.6	Pseudoalteromonas atlantica T6c	283942.6	342610.6
			
347257.4	Mycoplasma agalactiae PG2	347257.7	347257.7
			
348780.3	Natronomonas pharaonis DSM 2160	2212850.3	348780.14
			
349101.4	Rhodobacter sphaeroides ATCC 17029	272943.9	272943.9
			
349124.5	Halorhodospira halophila SL1	349124.8	349124.8
			
349161.4	Desulfotomaculum reducens MI-1	696281.4	349161.4
			
349163.4	Acidiphilium cryptum JF-5	349163.14	349163.14
			
349307.9	Methanosaeta thermophila PT	349307.15	349307.15
			
349521.5	Hahella chejuensis KCTC 2396	349521.8	349521.8
			
349741.3	Akkermansia muciniphila ATCC BAA-835	349741.6	349741.6
			
349968.3	Yersinia bercovieri ATCC 43970	2029683.3	393305.7
			
350058.5	Mycobacterium vanbaaleni vanbaalenii PYR-1	246196.19	350058.8
			
350688.3	Alkaliphilus oremlandi oremlandii OhILAs	350688.5	350688.5
			
351160.3	Uncultured methanogenic archaeon RC-I	351160.9	351160.9
			
351348.5	Marinobacter hydrocarbonoclasticus aquaeolei VT8	2743.3	2743.3
			
351605.4	Geobacter uraniireducens Rf4	404380.4	351605.6
			
351607.5	Acidothermus cellulolyticus 11B	351607.8	351607.8
			
351627.4	Caldicellulosiruptor saccharolyticus DSM 8903	521460.8	351627.8
			
354242.8	Campylobacter jejuni subsp. jejuni 81-176	192222.6	192222.6
			
355278.4	Leptospira biflexa serovar Patoc strain 'Patoc 1 (Ames)'	456481.4	456481.4
			
357244.3	Orientia tsutsugamushi Boryong	357244.4	357244.4
			
357544.13	Helicobacter pylori HPAG1	85962.8	85962.8
			
357804.5	Psychromonas ingrahami ingrahamii 37	357804.7	357804.7
			
357808.3	Roseiflexus sp. RS-1	357808.5	357808.5
			
357809.4	Clostridium phytofermentans ISDg	357809.8	357809.8
			
358681.3	Brevibacillus brevis NBRC 100599	358681.3	358681.3
			
360095.7	Bartonella bacilliformis KC583	1293911.3	1293911.3
			
360106.5	Campylobacter fetus subsp. fetus 82-40	1244528.3	32020.28
			
360107.5	Campylobacter hominis ATCC BAA-381	360107.7	360107.7
			
362242.7	Mycobacterium ulcerans Agy99	83332.12	216594.6
			
363253.4	Lawsonia intracellularis PHE/MN1-00	363253.5	363253.5
			
365046.3	Ramlibacter tataouinensis TTB310	365046.3	365046.3
			
367737.4	Arcobacter butzleri RM4018	367737.6	367737.6
			
367928.5	Bifidobacterium adolescentis ATCC 15703	206672.9	401473.3
			
368407.6	Methanoculleus marisnigri JR1	368407.15	368407.15
			
368408.5	Thermofilum pendens Hrk 5	368408.14	368408.14
			
36870.1	Wigglesworthia glossinidia endosymbiont of Glossina brevipalpis	36870.6	36870.6
			
369723.3	Salinispora tropica CNB-440	391037.6	391037.6
			
370438.3	Pelotomaculum thermopropionicum SI	370438.4	370438.4
			
372461.16	Buchnera aphidicola str. Cc (Cinara cedri)	372461.17	372461.17
			
373903.4	Halothermothrix orenii H 168	373903.5	373903.5
			
373994.3	Rivularia sp. PCC 7116	373994.3	373994.3
			
374463.4	Baumannia cicadellinicola str. Hc (Homalodisca coagulata)	374463.5	374463.5
			
374847.3	Korarchaeum cryptofilum OPF8	374847.13	374847.13
			
375286.6	Janthinobacterium sp. Marseille	204773.6	204773.6
			
375451.6	Roseobacter denitrificans OCh 114	420998.4	375451.14
			
376686.6	Flavobacterium johnsonia johnsoniae UW101	402612.5	376686.10
			
37692.4	Candidatus Phytoplasma mali	37692.4	37692.4
			
377629.3	Teredinibacter turnerae T7901	1056817.3	1056817.3
			
378753.3	Kocuria rhizophila DC2201	378753.5	378753.5
			
378806.8	Stigmatella aurantiaca DW4/3-1	1192034.3	378806.8
			
379066.3	Gemmatimonas aurantiaca T-27	379066.3	379066.3
			
379731.5	Pseudomonas stutzeri A1501	208964.12	1123519.7
			
380394.3	Acidithiobacillus ferrooxidans ATCC 53993	380394.4	380394.4
			
380703.5	Aeromonas hydrophila subsp. hydrophila ATCC 7966	218936.3	380703.7
			
380749.4	Hydrogenobaculum sp. Y04AAS1	380749.5	380749.5
			
381764.6	Fervidobacterium nodosum Rt17-B1	381764.8	381764.8
			
382464.3	Verrucomicrobiae bacterium DG1235	382464.3	382464.3
			
382638.8	Helicobacter acinonychis str. Sheeba	85962.8	85962.8
			
383372.4	Roseiflexus castenholzi DSM 13941	357808.5	357808.5
			
384616.5	Pyrobaculum islandicum DSM 4184	444157.8	384616.10
			
386415.6	Clostridium novyi NT	929506.3	386415.7
			
387092.5	Nitratiruptor sp. SB155-2	387092.6	387092.6
			
387093.4	Sulfurovum sp. NBC37-1	387093.6	387093.6
			
387344.13	Lactobacillus brevis ATCC 367	387344.15	387344.15
			
388399.4	Sagittula stellata E-37	252305.5	388399.4
			
388413.5	Algoriphagus sp. PR1	388413.5	388413.5
			
388919.8	Streptococcus sanguinis SK36	764298.7	388919.9
			
390236.5	Borrelia afzelii PKo	139.379	139.379
			
390333.6	Lactobacillus delbrueckii subsp. bulgaricus ATCC 11842	390333.7	390333.7
			
391008.3	Stenotrophomonas maltophilia R551-3	190485.4	1429851.3
			
391009.4	Thermosipho melanesiensis BI429	484019.4	391009.9
			
391037.3	Salinispora arenicola CNS-205	391037.6	391037.6
			
391165.8	Granulibacter bethesdensis CGDNIH1	391165.9	391165.9
			
391296.7	Streptococcus suis 98HAH33	160490.10	568814.3
			
391587.3	Kordia algicida OT-1	867900.3	391587.3
			
391600.3	Brevundimonas sp. BAL3	633149.4	1628191.3
			
391616.3	Octadecabacter antarcticus 238	252305.5	391616.3
			
391619.3	Phaeobacter gallaeciensis BS107	759362.5	391619.3
			
391735.5	Verminephrobacter eiseniae EF01-2	535289.3	391735.7
			
391904.3	Bifidobacterium longum subsp. infantis ATCC 15697	206672.9	206672.9
			
392499.4	Sphingomonas wittichii RW1	1549858.3	1736594.3
			
392500.3	Shewanella woodyi ATCC 51908	211586.12	2739432.4
			
393115.8	Francisella tularensis subsp. tularensis FSC198	177416.18	177416.18
			
393305.7	Yersinia enterocolitica subsp. enterocolitica 8081	511145.12	393305.7
			
393595.12	Alcanivorax borkumensis SK2	393595.15	393595.15
			
394503.6	Clostridium cellulolyticum H10	394503.7	394503.7
			
395493.3	Beggiatoa alba B18LD	395493.3	395493.3
			
395494.4	Gallionella capsiferriformans ES-2	395494.4	395494.4
			
395495.3	Leptothrix cholodni SP-6	47994.5	395495.5
			
395965.4	Methylocella silvestris BL2	395965.5	395965.5
			
396513.4	Staphylococcus carnosus subsp. carnosus TM300	176280.10	1286.18
			
396588.3	Thioalkalivibrio sp. HL-EbGR7	396588.4	396588.4
			
397945.5	Acidovorax avenae subsp. citrulli AAC00-1	535289.3	643561.4
			
397948.3	Caldivirga maquilingensis IC-167	397948.10	397948.10
			
398578.3	Delftia acidovorans SPH-1	535289.3	398578.5
			
398580.3	Dinoroseobacter shibae DFL 12	759362.5	398580.10
			
398720.4	Leeuwenhoekiella blandensis MED217	867900.3	1392488.5
			
398767.5	Geobacter lovleyi SZ	398767.5	398767.5
			
399549.6	Metallosphaera sedula DSM 5348	399549.15	399549.15
			
399550.6	Staphylothermus marinus F1	399550.11	399550.11
			
399726.4	Thermoanaerobacter sp. X514	340099.6	340099.6
			
399741.3	Serratia proteamaculans 568	511145.12	1346614.3
			
399742.4	Enterobacter sp. 638	511145.12	511145.12
			
399795.3	Comamonas testosteroni KF-1	535289.3	398578.5
			
400667.4	Acinetobacter baumannii ATCC 17978	871585.3	871585.3
			
400668.6	Marinomonas sp. MWYL1	1208321.3	1208321.3
			
401473.3	Bifidobacterium dentium Bd1	206672.9	401473.3
			
402612.4	Flavobacterium psychrophilum JIP02/86	402612.5	402612.5
			
402880.8	Methanococcus maripaludis C5	406327.12	267377.15
			
402881.6	Parvibaculum lavamentivorans DS-1	402881.8	402881.8
			
403833.5	Petrotoga mobilis SJ95	403833.7	403833.7
			
404380.3	Geobacter bemidjiensis Bem	404380.4	404380.4
			
405948.6	Saccharopolyspora erythraea NRRL 2338	405948.11	405948.11
			
405955.9	Escherichia coli APEC O1	511145.12	511145.12
			
406327.7	Methanococcus vannieli vannielii SB	406327.12	406327.12
			
406818.4	Xenorhabdus bovienii SS-2004	2029683.3	406818.4
			
410358.8	Methanocorpusculum labreanum Z	410358.15	410358.15
			
410359.7	Pyrobaculum calidifontis JCM 11548	444157.8	410359.14
			
411154.5	Gramella forsetii KT0803	402612.5	411154.11
			
411461.4	Dorea formicigenerans ATCC 27755	411461.4	411461.4
			
411466.7	Actinomyces odontolyticus ATCC 17982	411466.7	411466.7
			
411483.3	Faecalibacterium prausnitzii A2-165	411483.3	411483.3
			
411490.6	Anaerostipes caccae DSM 14662	245018.3	105841.110
			
411684.3	Hoeflea phototrophica DFL-43	176299.10	1547437.3
			
411901.7	Bacteroides caccae ATCC 43185	295405.11	471870.8
			
412965.6	Vesicomyosocius okutanii HA	412965.8	412965.8
			
413999.4	Clostridium botulinum A str. ATCC 3502	441771.6	441771.6
			
415426.7	Hyperthermus butylicus DSM 5456	415426.13	415426.13
			
416269.5	Actinobacillus pleuropneumoniae L20	71421.8	416269.6
			
416591.4	Thermotoga lettingae TMO	416591.5	416591.5
			
419610.8	Methylobacterium extorquens PA1	426355.14	419610.10
			
419665.8	Methanococcus aeolicus Nankai-3	419665.15	419665.15
			
420246.5	Geobacillus thermodenitrificans NG80-2	420246.7	420246.7
			
420247.6	Methanobrevibacter smithii ATCC 35061	420247.28	420247.28
			
426355.14	Methylobacterium radiotolerans JCM 2831	426355.14	426355.14
			
426368.9	Methanococcus maripaludis C7	406327.12	267377.15
			
428406.5	Ralstonia pickettii 12D	267608.8	105219.7
			
429009.3	Ammonifex degensii KC4	429009.3	429009.3
			
431943.4	Clostridium kluyveri DSM 555	2068654.3	431943.8
			
431947.6	Porphyromonas gingivalis ATCC 33277	431947.7	431947.7
			
434923.3	Coxiella burnetii CbuG_Q212	227377.7	227377.7
			
435590.6	Bacteroides vulgatus ATCC 8482	295405.11	435590.9
			
436113.11	Mycoplasma mycoides capri GM12 transgenic clone deltatypeIIIres	272632.4	272632.4
			
436114.3	Sulfurihydrogenibium sp. YO3AOP1	436114.4	436114.4
			
436308.3	Nitrosopumilus maritimus SCM1	436308.17	436308.17
			
438753.3	Azorhizobium caulinodans ORS 571	639283.3	438753.4
			
439235.3	Desulfatibacillum alkenivorans AK-01	439235.4	439235.4
			
439292.5	Bacillus selenitireducens MLS10	439292.5	439292.5
			
439375.7	Ochrobactrum anthropi ATCC 49188	520461.7	520461.7
			
439843.6	Salmonella enterica subsp. enterica serovar Schwarzengrund str. CVM19633	511145.12	511145.12
			
43989.3	Cyanothece sp. ATCC 51142	391612.5	43989.4
			
441768.4	Acholeplasma laidlawii PG-8A	441768.5	441768.5
			
442563.3	Bifidobacterium animalis subsp. lactis AD011	2702.101	555970.3
			
443254.3	Marinitoga piezophila KA3	243274.5	243274.5
			
443906.9	Clavibacter michiganensis subsp. michiganensis NCPPB 382	443906.13	443906.13
			
444157.3	Thermoproteus neutrophilus V24Sta	444157.8	444157.8
			
444158.3	Methanococcus maripaludis C6	406327.12	267377.15
			
444177.5	Lysinibacillus sphaericus C3-41	1002809.3	28031.4
			
445932.3	Elusimicrobium minutum Pei191	445932.6	445932.6
			
445970.5	Alistipes putredinis DSM 17216	1033731.3	445970.5
			
445971.6	Anaerofustis stercorihominis DSM 17244	445971.6	445971.6
			
445972.6	Anaerotruncus colihominis DSM 17241	1720200.29	169435.7
			
445973.7	Clostridium bartlettii DSM 16795	36841.16	261299.72
			
445987.3	Borrelia valaisiana VS116	139.379	445987.3
			
446462.8	Actinosynnema mirum DSM 43827	405948.11	446462.6
			
446466.7	Cellulomonas flavigena DSM 20109	590998.5	446466.7
			
446468.6	Nocardiopsis dassonvillei subsp. dassonvillei DSM 43111	1237500.3	446468.6
			
446469.4	Sanguibacter keddiei keddieii DSM 10542	372484.4	446469.6
			
446470.6	Stackebrandtia nassauensis DSM 44728	446470.6	446470.6
			
446471.6	Xylanimonas cellulosilytica DSM 15894	743718.4	446471.6
			
448385.11	Sorangium cellulosum So ce 56	448385.11	448385.11
			
449447.3	Microcystis aeruginosa NIES-843	449447.4	449447.4
			
450851.6	Phenylobacterium zucineum HLK1	450851.6	450851.6
			
452471.3	Amoebophilus asiaticus 5a2	452471.5	452471.5
			
452637.4	Opitutus terrae PB90-1	452637.7	452637.7
			
452638.3	Polynucleobacter necessarius subsp. necessarius STIR1	312153.5	312153.5
			
452652.3	Kitasatospora setae KM-6054	68260.3	492776.3
			
452659.3	Rickettsia rickettsii str. Iowa	272947.5	1105114.3
			
452662.3	Sphingobium japonicum UT26S	279238.18	690566.3
			
452863.6	Arthrobacter chlorophenolicus A6	361575.7	361575.7
			
453591.8	Ignicoccus hospitalis KIN4/I	453591.15	453591.15
			
45361.3	Mycoplasma conjunctivae	45361.3	45361.3
			
454166.6	Salmonella enterica subsp. enterica serovar Agona str. SL483	511145.12	511145.12
			
455632.3	Streptomyces griseus subsp. griseus NBRC 13350	100226.15	455632.4
			
456827.3	Candidatus Cloacamonas acidaminovorans	456827.3	456827.3
			
457570.7	Natranaerobius thermophilus JW/NM-WN-LF	457570.14	457570.14
			
458233.11	Macrococcus caseolyticus JCSC5402	458233.11	458233.11
			
458817.3	Shewanella halifaxensis HAW-EB4	211586.12	458817.8
			
46507.4	[Bacteroides] coagulans strain DSM 20705	1284708.3	1284708.3
			
465515.4	Micrococcus luteus NCTC 2665	1270.256	1270.256
			
467705.8	Streptococcus gordonii str. Challis substr. CH1	764298.7	388919.9
			
469378.5	Cryptobacterium curtum DSM 15641	469378.5	469378.5
			
469381.4	Dethiosulfovibrio peptidovorans DSM 11002	469381.10	469381.10
			
469596.3	Coprobacillus sp. 29_1	1658109.4	1796628.15
			
469618.3	Fusobacterium varium ATCC 27725	469618.3	469618.3
			
470146.3	Coprococcus comes ATCC 27758	290055.14	657313.3
			
471821.5	uncultured Termite group 1 bacterium phylotype Rs-D17	471821.5	471821.5
			
471852.6	Thermomonospora curvata DSM 43183	471852.6	471852.6
			
471853.5	Beutenbergia cavernae DSM 12333	471853.5	471853.5
			
471854.4	Dyadobacter fermentans DSM 18053	471854.5	471854.5
			
471855.5	Slackia heliotrinireducens DSM 20476	471855.5	471855.5
			
471856.5	Jonesia denitrificans DSM 20603	471856.5	471856.5
			
471857.5	Saccharomonospora viridis DSM 43017	577679.3	471857.5
			
471870.8	Bacteroides intestinalis DSM 17393	295405.11	471870.8
			
471871.7	Clostridium sporogenes ATCC 15579	441771.6	441771.6
			
477641.3	Modestobacter marinus BC501	526225.7	477641.3
			
477974.3	Desulforudis audaxviator MP104C	477974.6	477974.6
			
478749.5	Bryantella formatexigens DSM 14469	290055.14	168384.42
			
478801.5	Kytococcus sedentarius DSM 20547	478801.5	478801.5
			
479431.6	Nakamurella multipartita DSM 44233	479431.6	479431.6
			
479432.6	Streptosporangium roseum DSM 43021	479432.6	479432.6
			
479434.6	Sphaerobacter thermophilus DSM 20745	479434.6	479434.6
			
479435.6	Kribbella flavida DSM 17836	1122138.3	1122138.3
			
479436.6	Veillonella parvula DSM 2008	479436.6	479436.6
			
479437.5	Eggerthella lenta DSM 2243	657308.3	479437.5
			
481448.4	Methylacidiphilum infernorum V4	481448.7	481448.7
			
482234.3	Streptococcus canis FSL Z3-227	160490.10	160490.10
			
483216.6	Bacteroides eggerthii DSM 20697	295405.11	483216.6
			
483218.5	Bacteroides pectinophilus ATCC 43243	301302.4	483218.5
			
484019.3	Thermosipho africanus TCF52B	484019.4	484019.4
			
484022.4	Francisella philomiragia subsp. philomiragia ATCC 25017	177416.18	573569.4
			
485913.3	Ktedonobacter racemifer DSM 44963	485913.3	485913.3
			
485914.4	Halomicrobium mukohataei DSM 12286	485914.4	485914.4
			
485915.5	Desulfohalobium retbaense DSM 5692	485915.5	485915.5
			
485916.5	Desulfotomaculum acetoxidans DSM 771	485916.5	485916.5
			
485917.6	Pedobacter heparinus DSM 2366	485917.6	485917.6
			
485918.6	Chitinophaga pinensis DSM 2588	485918.6	485918.6
			
487174.266	Barnesiella intestinihominis strain D52t1_170925_A7	295405.11	742726.3
			
487797.3	Flavobacteria bacterium MS024-3C	255435.5	487797.3
			
488538.3	alpha proteobacterium IMCC1322	488538.3	488538.3
			
490899.4	Desulfurococcus kamchatkensis 1221n	490899.14	490899.14
			
491915.4	Anoxybacillus flavithermus WK1	420246.7	491915.6
			
498211.3	Cellvibrio japonicus Ueda107	498211.5	498211.5
			
498217.4	Edwardsiella tarda EIB202	511145.12	498217.4
			
498761.3	Heliobacterium modesticaldum Ice1	2698.4	498761.3
			
499177.3	Clostridium sticklandii DSM 519	499177.3	499177.3
			
500635.8	Mitsuokella multacida DSM 20544	500635.8	500635.8
			
501479.3	Citreicella sp. SE45	314270.3	314265.3
			
504472.7	Spirosoma linguale DSM 74	2745947.3	1379870.5
			
504728.4	Meiothermus ruber DSM 1279	504728.6	504728.6
			
504832.4	Oligotropha carboxidovorans OM5	2570229.3	666684.3
			
509169.3	Xanthomonas campestris pv. campestris str. B100	190485.4	190485.4
			
511051.3	Caldisericum exile AZM16c01	511051.3	511051.3
			
511062.4	Oceanimonas sp. GK1	641510.7	511062.4
			
511145.6	Escherichia coli str. K-12 substr. MG1655	511145.12	511145.12
			
511680.4	Butyrivibrio crossotus DSM 2876	511680.4	511680.4
			
512562.4	Helicobacter pylori Shi470	85962.8	85962.8
			
515618.4	Candidatus Riesia pediculicola USDA	401619.11	401619.11
			
515619.6	Eubacterium rectale ATCC 33656	515619.6	515619.6
			
515620.4	Eubacterium eligens ATCC 27750	515620.4	515620.4
			
515622.3	Butyrivibrio proteoclasticus B316	831.24	1410650.3
			
517417.4	Chlorobaculum parvum NCIB 8327	194439.7	194439.7
			
517418.3	Chloroherpeton thalassium ATCC 35110	517418.5	517418.5
			
518766.5	Rhodothermus marinus DSM 4252	518766.7	518766.7
			
519441.6	Streptobacillus moniliformis DSM 12112	519441.6	519441.6
			
519442.4	Halorhabdus utahensis DSM 12940	519442.20	519442.20
			
521003.7	Collinsella intestinalis DSM 13280	521003.7	521003.7
			
521011.3	Candidatus Methanosphaerula palustris E1-9c	521011.8	521011.8
			
521045.3	Kosmotoga olearia TBF 19.5.1	521045.3	521045.3
			
521095.6	Atopobium parvulum DSM 20469	521095.6	521095.6
			
521096.4	Tsukamurella paurometabola DSM 20162	521096.6	521096.6
			
521097.5	Capnocytophaga ochracea DSM 7271	521097.5	521097.5
			
521098.5	Alicyclobacillus acidocaldarius subsp. acidocaldarius DSM 446	521098.5	521098.5
			
521460.8	Anaerocellum thermophilum DSM 6725	521460.8	521460.8
			
521674.6	Planctomyces limnophilus DSM 3776	521674.6	521674.6
			
522306.3	Accumulibacter phosphatis clade IIA str. UW-1	522306.3	522306.3
			
523791.5	Kangiella koreensis DSM 16069	523791.5	523791.5
			
523794.5	Leptotrichia buccalis C-1013-b	523794.5	523794.5
			
523850.3	Thermococcus onnurineus NA1	1591054.3	1638221.3
			
525146.3	Desulfovibrio desulfuricans subsp. desulfuricans str. ATCC 27774	525146.4	525146.4
			
525280.3	Erysipelothrix rhusiopathiae ATCC 19414	650150.7	650150.7
			
525328.4	Lactobacillus iners DSM 13335	525328.4	525328.4
			
525364.3	Lactobacillus salivarius ATCC 11741	362948.14	362948.14
			
525897.5	Desulfomicrobium baculatum DSM 4028	525897.5	525897.5
			
525898.7	Sulfurospirillum deleyianum DSM 6946	525898.7	525898.7
			
525903.6	Thermanaerovibrio acidaminovorans DSM 6589	525903.6	525903.6
			
525904.6	Thermobaculum terrenum ATCC BAA-798	525904.6	525904.6
			
525909.11	Acidimicrobium ferrooxidans DSM 10331	525909.11	525909.11
			
525919.4	Anaerococcus prevoti prevotii DSM 20548	655811.4	525919.6
			
52598.8	Sulfitobacter sp. EE-36	314270.3	1406866.3
			
526218.6	Sebaldella termitidis ATCC 33386	526218.6	526218.6
			
526222.3	Desulfovibrio salexigens DSM 2638	526222.3	526222.3
			
526224.6	Brachyspira murdochii DSM 12563	565034.3	565034.3
			
526225.7	Geodermatophilus obscurus DSM 43160	526225.7	526225.7
			
526227.6	Meiothermus silvanus DSM 9946	1122223.3	526227.6
			
530564.3	Pirellula staleyi DSM 6068	530564.3	530564.3
			
533240.4	Cylindrospermopsis raciborskii CS-505	533240.4	533240.4
			
533247.5	Raphidiopsis brookii D9	533240.4	533240.4
			
535289.3	Diaphorobacter sp. TPSY	535289.3	535289.3
			
537021.9	Candidatus Liberibacter asiaticus str. psy62	658172.5	34021.238
			
537970.9	Helicobacter canadensis MIT 98-5491 (Prj:30719)	537970.14	537970.14
			
543728.3	Variovorax paradoxus S110	2762323.3	543728.3
			
545694.3	Treponema primitia ZAS-2	545694.3	545694.3
			
545696.5	Holdemania filiformis DSM 12042	1468449.8	1468449.8
			
546269.3	Filifactor alocis ATCC 35896	546269.5	546269.5
			
546271.3	Selenomonas sputigena ATCC 35185	546271.3	546271.3
			
546274.4	Eikenella corrodens ATCC 23834	242231.10	1795827.3
			
546414.3	Deinococcus deserti VCD115	243230.17	546414.3
			
550540.3	Ferrimonas balearica DSM 9799	550540.3	550540.3
			
551115.6	Trichormus azollae 0708	533240.4	163908.3
			
552396.3	Erysipelotrichaceae bacterium 5_2_54FAA	552396.3	552396.3
			
552526.7	Streptococcus equi subsp. zooepidemicus MGCS10565	160490.10	40041.239
			
552811.9	Dehalogenimonas lykanthroporepellens BL-DC-9	552811.9	552811.9
			
553190.4	Gardnerella vaginalis 409-05	2702.101	525284.18
			
553217.3	Enhydrobacter aerosaccus SK60	553217.3	553217.3
			
556267.4	Helicobacter winghamensis ATCC BAA-430	537970.14	556267.4
			
556268.6	Oxalobacter formigenes HOxBLS	204773.6	556268.6
			
557598.3	Laribacter hongkongensis HLHK9	557598.3	557598.3
			
557723.7	Haemophilus parasuis SH0165	71421.8	1171377.3
			
561229.3	Dickeya zeae Ech1591	511145.12	561229.3
			
562970.4	Bacillus tusciae DSM 2912	562970.4	562970.4
			
562982.3	Gemella moribillum M424	29391.22	29391.22
			
563041.5	Helicobacter pylori G27	85962.8	85962.8
			
563178.3	Buchnera aphidicola str. 5A (Acyrthosiphon pisum)	107806.10	107806.10
			
563192.3	Bilophila wadsworthia 3_1_6	563192.3	563192.3
			
563194.3	Pediococcus acidilactici 7_4	862514.3	862514.3
			
565045.3	gamma proteobacterium NOR51-B	745014.4	565045.6
			
565654.4	Enterococcus casseliflavus EC10	226185.9	565655.4
			
566551.4	Cedecea davisae DSM 4568	511145.12	2799789.3
			
568817.3	Serratia symbiotica str. 'Cinara cedri'	568817.3	568817.3
			
570508.5	Helicobacter pylori P12	85962.8	85962.8
			
570509.6	Spiroplasma melliferum KC3	570509.6	570509.6
			
572265.5	Candidatus Hamiltonella defensa 5AT (Acyrthosiphon pisum)	138072.46	138072.46
			
572477.4	Allochromatium vinosum DSM 180	572477.4	572477.4
			
572479.3	Halanaerobium praevalens DSM 2228	572479.3	572479.3
			
572480.3	Arcobacter nitrofigilis DSM 7299	572480.3	572480.3
			
572544.3	Ilyobacter polytropus DSM 2926	572544.3	572544.3
			
572547.3	Aminobacterium colombiense DSM 12261	572547.3	572547.3
			
573065.6	Asticcacaulis excentricus CB 48	715226.3	78587.4
			
573234.4	Candidatus Hodgkinia cicadicola Dsem	573234.4	573234.4
			
573370.3	Desulfovibrio magneticus RS-1	573370.3	573370.3
			
573413.5	Spirochaeta smaragdinae DSM 11293	573413.5	573413.5
			
574087.3	Acetohalobium arabaticum DSM 5501	1494606.3	574087.3
			
575540.3	Isosphaera pallida ATCC 43644	575540.3	575540.3
			
575589.3	Acinetobacter radioresistens SH164	871585.3	871585.3
			
575594.3	Lactobacillus coleohominis 101-4-CHN	575594.3	575594.3
			
575609.3	Peptoniphilus sp. oral taxon 386 str. F0131	1354300.3	1354300.3
			
577650.3	Desulfobulbus propionicus DSM 2032	1121402.3	577650.3
			
580327.4	Thermoanaerobacterium thermosaccharolyticum DSM 571	1702242.3	580327.4
			
580331.4	Thermoanaerobacter italicus Ab9	340099.6	340099.6
			
580332.5	Sideroxydans lithotrophicus ES-1	580332.5	580332.5
			
582744.3	Methylovorus sp. SIP3-4	583345.3	887061.3
			
582899.7	Hyphomicrobium denitrificans ATCC 51888	582899.7	582899.7
			
583345.3	Methylotenera mobilis JLW8	583345.3	583345.3
			
583355.3	Coraliomargarita akajimensis DSM 45221	583355.3	583355.3
			
584708.3	Aminomonas paucivorans DSM 12260	584708.3	584708.3
			
585506.3	Weissella paramesenteroides ATCC 33313	1238674.3	585506.3
			
589865.4	Desulfurivibrio alkaliphilus AHT2	589865.4	589865.4
			
590168.4	Thermotoga naphthophila RKU-10	243274.5	243274.5
			
590409.4	Dickeya dadantii Ech586	511145.12	561229.3
			
590998.5	Cellulomonas fimi ATCC 484	590998.5	590998.5
			
591001.3	Acidaminococcus fermentans DSM 20731	591001.3	591001.3
			
591365.3	Streptococcus intermedius JTH08	764298.7	171101.6
			
59196.3	Rickettsiella grylli	59196.3	59196.3
			
592010.4	Abiotrophia defectiva ATCC 49176	2799636.3	2799636.3
			
592022.4	Bacillus megaterium DSM319	226900.8	592022.4
			
592026.3	Catonella morbi ATCC 51271	2058294.3	592026.3
			
592028.3	Dialister invisus DSM 15470	592028.3	592028.3
			
592029.3	Nonlabens dokdonensis DSW-6	592029.3	592029.3
			
592031.3	Eubacterium saphenum ATCC 49989	592031.3	592031.3
			
59374.5	Fibrobacter succinogenes subsp. succinogenes S85	59374.5	59374.5
			
593907.5	Cellvibrio gilvus ATCC 13127 ([Cellvibrio] gilvus ATCC 13127)	590998.5	593907.5
			
595494.3	Tolumonas auensis DSM 9187	218936.3	595494.3
			
595499.4	Candidatus Sulcia muelleri SMDSEM	336810.80	336810.80
			
596154.3	Alicycliphilus denitrificans K601	535289.3	535289.3
			
59748.8	Candidatus Phytoplasma australiense	59748.8	59748.8
			
598467.3	Brenneria sp. EniD312	511145.12	561229.3
			
598659.3	Nautilia profundicola AmH	598659.3	598659.3
			
600809.5	Blattabacterium sp. (Periplaneta americana) str. BPLAN	600809.5	600809.5
			
608534.3	Oribacterium sp. oral taxon 078 str. F0262	608534.3	608534.3
			
608538.3	Hydrogenobacter thermophilus TK-6	608538.3	608538.3
			
610130.3	Clostridium saccharolyticum WM1	1163671.3	610130.3
			
626523.3	Shuttleworthia satelles DSM 14600	301302.4	626523.3
			
62928.7	Azoarcus sp. BH72	62928.8	62928.8
			
629741.3	Kingella oralis ATCC 51147	242231.10	629741.3
			
630626.3	Escherichia blattae DSM 4481	511145.12	511145.12
			
63186.3	Zobellia galactanivorans	867900.3	2219558.3
			
632292.3	Caldicellulosiruptor hydrothermalis 108	521460.8	521460.8
			
632518.3	Caldicellulosiruptor owensensis OL	521460.8	521460.8
			
633131.3	Thalassiobium sp. R2A62	314270.3	633131.3
			
633149.4	Brevundimonas subvibrioides ATCC 15264	633149.4	633149.4
			
634176.4	Aggregatibacter aphrophilus NJ8700	71421.8	668336.12
			
634503.3	Edwardsiella ictaluri 93-146	511145.12	498217.4
			
635013.3	Thermincola sp. JR	635013.3	635013.3
			
63737.4	Nostoc punctiforme PCC 73102	1170562.3	317936.3
			
637380.6	Bacillus cereus biovar anthracis str. CI	226900.8	226900.8
			
638300.3	Cardiobacterium hominis ATCC 15826	638300.3	638300.3
			
638301.3	Granulicatella adiacens ATCC 49175	638301.3	638301.3
			
638303.3	Thermocrinis albus DSM 14484	638303.3	638303.3
			
639282.3	Deferribacter desulfuricans SSM1	639282.3	639282.3
			
639283.3	Starkeya novella DSM 506	639283.3	639283.3
			
640081.3	Dechlorosoma suillum PS	640081.3	640081.3
			
64091.1	Halobacterium sp. NRC-1	64091.14	64091.14
			
641118.3	Ochrobactrum intermedium LMG 3301	520461.7	520461.7
			
641149.3	Neisseria sp. oral taxon 014 str. F0314	242231.10	242231.10
			
643562.6	Desulfovibrio aespoeensis Aspo-2	643562.6	643562.6
			
643867.3	Marivirga tractuosa DSM 4126	643867.3	643867.3
			
644282.4	Desulfarculus baarsii DSM 2075	644282.4	644282.4
			
644966.3	Thermaerobacter marianensis DSM 12885	644966.3	644966.3
			
645463.3	Clostridium difficile R20291	272563.8	272563.8
			
645512.3	Jonquetella anthropi E3_33 E1	885272.3	885272.3
			
645991.3	Syntrophobotulus glycolicus DSM 8271	1131462.4	645991.3
			
648757.4	Rhodomicrobium vannielii ATCC 17100	648757.4	648757.4
			
648996.5	Thermovibrio ammonificans HB-1	868864.3	648996.5
			
649349.3	Leadbetterella byssophila DSM 17132	649349.3	649349.3
			
649638.3	Truepera radiovictrix DSM 17093	649638.3	649638.3
			
649639.5	Bacillus cellulosilyticus DSM 2522	439292.5	649639.5
			
65093.3	Halothece sp. PCC 7418	65093.3	65093.3
			
651182.5	Desulfobacula toluolica Tol2	651182.5	651182.5
			
653733.4	Desulfurispirillum indicum S5	653733.4	653733.4
			
655438.3	Cycloclasticus pugetii PS-1	655438.3	655438.3
			
655811.4	Anaerococcus vaginalis ATCC 51170	655811.4	655811.4
			
655815.4	Zunongwangia profunda SM-A87	402612.5	655815.4
			
657313.3	Ruminococcus torques L2-14	290055.14	657313.3
			
657314.3	Ruminococcus obeum A2-162	357809.8	40520.95
			
657321.5	Ruminococcus bromii L2-63	2831966.3	40518.12
			
663278.4	Ethanoligenens harbinense YUAN-3	663278.4	663278.4
			
665571.4	Spirochaeta thermophila DSM 6192	665571.4	665571.4
			
666684.3	Afipia sp. 1NLS2	224911.5	666684.3
			
666685.3	Rhodanobacter sp. 2APBS1	1736406.3	1736406.3
			
66692.3	Bacillus clausii KSM-K16	66692.6	66692.6
			
667014.3	Thermodesulfatator indicus DSM 15286	667014.3	667014.3
			
667015.3	Bacteroides salanitronis DSM 18170	667015.3	667015.3
			
670487.3	Oceanithermus profundus DSM 14977	670487.3	670487.3
			
671143.5	Methylomirabilis oxyfera	671143.5	671143.5
			
675635.11	Pseudonocardia dioxanivorans CB1190	675635.11	675635.11
			
675812.3	Grimontia hollisae CIP 101886	312309.11	675812.3
			
675814.3	Vibrio coralliilyticus ATCC BAA-450	312309.11	990998.3
			
675817.3	Photobacterium damselae subsp. damselae CIP 102761	312309.11	675817.3
			
679192.3	Bulleidia extructa W1219	679192.3	679192.3
			
679197.3	Segniliparus rugosus ATCC BAA-974	679197.3	679197.3
			
680198.5	Streptomyces scabiei 87.22	100226.15	42234.21
			
685035.3	Citromicrobium bathyomarinum JL354	517722.3	685035.3
			
685727.3	Rhodococcus equi 103S	1448389.3	685727.3
			
688269.3	Thermotoga thermarum DSM 5069	416591.5	688269.3
			
688270.3	Cellulophaga algicola DSM 14237	867900.3	688270.3
			
69014.3	Thermococcus kodakarensis KOD1	272844.11	163003.5
			
693216.3	Cronobacter turicensis z3032	511145.12	511145.12
			
693978.3	Riemerella anatipestifer DSM 15868	693978.3	693978.3
			
694427.4	Paludibacter propionicigenes WB4	694427.4	694427.4
			
694569.3	Aggregatibacter actinomycetemcomitans D7S-1	71421.8	668336.12
			
696127.4	Midichloria mitochondrii IricVA	696127.4	696127.4
			
696281.4	Desulfotomaculum ruminis DSM 2154	696281.4	696281.4
			
696747.3	Arthrospira platensis NIES-39	696747.3	696747.3
			
696748.4	Actinobacillus suis H91-0380	71421.8	416269.6
			
702113.7	Novosphingobium sp. PP1Y	1096930.3	702113.7
			
70601.1	Pyrococcus horikoshii OT3	272844.11	272844.11
			
706191.3	Pantoea ananatis LMG 20103	511145.12	1076550.3
			
706433.3	Solobacterium moorei F0204	706433.3	706433.3
			
706434.3	Megasphaera micronuciformis F0359	706434.3	706434.3
			
709032.3	Sulfuricurvum kujiense DSM 16994	326298.7	709032.3
			
709991.3	Odoribacter splanchnicus DSM 20712	709991.3	709991.3
			
710696.3	Intrasporangium calvum DSM 43043	1727.3	710696.3
			
71421.1	Haemophilus influenzae Rd KW20	71421.8	71421.8
			
716540.3	Erwinia amylovora ATCC 49946	511145.12	634499.3
			
716544.4	Waddlia chondrophila WSU 86-1044	716544.4	716544.4
			
717231.3	Flexistipes sinusarabici DSM 4947	717231.3	717231.3
			
717606.6	Paenibacillus curdlanolyticus YK9	324057.4	717606.6
			
717773.3	Thioalkalimicrobium cyclicum ALM1	717773.3	717773.3
			
717959.3	Alistipes shahii WAL 8301	1033731.3	1033731.3
			
717960.3	Eubacterium cylindroides T2-87	1123313.3	39483.100
			
717961.3	Eubacterium siraeum V10Sc8a	717961.3	717961.3
			
718255.3	Roseburia intestinalis XB6B4	301302.4	166486.1003
			
741091.3	Rahnella sp. Y9602	511145.12	745277.3
			
742159.3	Achromobacter piechaudii ATCC 43553	568707.3	568707.3
			
742821.3	Sutterella wadsworthensis 3_1_45B	40545.1270	40545.1270
			
743718.4	Isoptericola variabilis 225	743718.4	743718.4
			
743720.3	Pseudomonas fulva 12-X	208964.12	743720.3
			
743721.3	Pseudoxanthomonas suwonensis 11-1	190485.4	935851.3
			
743722.3	Sphingobacterium sp. 21	1864939.4	743722.3
			
744980.3	Roseibium sp. TrichSKD4	991905.3	744980.3
			
746697.3	Aequorivita sublithincola DSM 14238	867900.3	746697.3
			
749219.3	Moraxella catarrhalis RH4	749219.3	749219.3
			
749222.3	Nitratifractor salsuginis DSM 16511	387093.6	749222.3
			
749927.5	Amycolatopsis mediterranei U32	749927.5	749927.5
			
754252.3	Propionibacterium freudenreichii subsp. shermanii CIRM-BIA1	66712.6	66712.6
			
755732.3	Fluviicola taffensis DSM 16823	755732.3	755732.3
			
756067.3	Microcoleus vaginatus FGP-2	179408.3	179408.3
			
756272.5	Planctomyces brasiliensis DSM 5305	756272.5	756272.5
			
757424.7	Herbaspirillum seropedicae SmR1	204773.6	757424.7
			
760011.3	Spirochaeta coccoides DSM 17374	760011.3	760011.3
			
760142.3	Hippea maritima DSM 10411	760142.3	760142.3
			
760192.3	Haliscomenobacter hydrossis DSM 1100	760192.3	760192.3
			
76114.4	Azoarcus sp. EbN1	62928.8	76114.8
			
761193.3	Runella slithyformis DSM 19594	761193.3	761193.3
			
762948.4	Rothia dentocariosa ATCC 17931	680646.3	762948.4
			
765420.3	Oscillochloris trichoides DG6	765420.9	765420.9
			
765912.4	Thioflavicoccus mobilis 8321	572477.4	765912.4
			
767100.3	Parvimonas sp. oral taxon 110 str. F0139	33033.4	767100.3
			
768066.3	Halomonas elongata DSM 2581	290398.11	768066.3
			
768704.3	Desulfosporosinus meridiei DSM 13257	768710.3	768710.3
			
768710.3	Desulfosporosinus youngiae DSM 17734	768710.3	768710.3
			
795359.3	Thermodesulfobacterium sp. OPB45	795359.3	795359.3
			
83332.1	Mycobacterium tuberculosis H37Rv	83332.12	83332.12
			
83332.351	Mycobacterium tuberculosis H37Rv	83332.12	83332.12
			
83333.1	Escherichia coli K12	511145.12	511145.12
			
83334.1	Escherichia coli O157:H7	511145.12	511145.12
			
85643.4	Thauera sp. MZ1T	62928.8	85643.4
			
856793.5	Micavibrio aeruginosavorus ARL-13	856793.5	856793.5
			
857087.3	Methylomonas methanica MC09	857087.3	857087.3
			
857290.3	Scardovia wiggsiae F0424	1122228.3	857290.3
			
85962.1	Helicobacter pylori 26695	85962.8	85962.8
			
85963.1	Helicobacter pylori J99	85962.8	85962.8
			
861360.3	Arthrobacter arilaitensis Re117	556325.3	861360.3
			
862517.3	Peptoniphilus duerdenii ATCC BAA-1640	1111134.3	862517.3
			
862965.3	Haemophilus parainfluenzae T3T1	71421.8	71421.8
			
864564.3	Parascardovia denticolens DSM 10105	1122228.3	641144.3
			
865937.3	Gillisia limnaea DSM 15749	402612.5	1249975.4
			
865938.3	Weeksella virosa DSM 16922	865938.3	865938.3
			
866536.3	Belliella baltica DSM 15883	388413.5	388413.5
			
866775.3	Aerococcus urinae ACS-120-V-Col10a	1376.123	1376.123
			
867900.3	Cellulophaga lytica DSM 7489	867900.3	867900.3
			
867902.3	Ornithobacterium rhinotracheale DSM 15997	867902.3	867902.3
			
868864.3	Desulfurobacterium thermolithotrophum DSM 11699	868864.3	868864.3
			
869209.3	Treponema succinifaciens DSM 2489	869209.3	869209.3
			
869210.3	Marinithermus hydrothermalis DSM 14884	869210.3	869210.3
			
869212.3	Turneriella parva DSM 21527	869212.3	869212.3
			
870187.4	Thiothrix nivea DSM 5205	1123401.3	1123401.3
			
871585.3	Acinetobacter calcoaceticus PHEA-2	871585.3	871585.3
			
871968.4	Desulfitobacterium metallireducens DSM 15288	768710.3	871968.4
			
873533.3	Prevotella oralis ATCC 33269	59823.1524	873533.3
			
87626.5	Pseudoalteromonas tunicata D2	2796132.3	314281.6
			
880070.3	Cyclobacterium marinum DSM 745	388413.5	880070.3
			
880071.3	Flexibacter litoralis DSM 6794	880071.3	880071.3
			
880072.3	Desulfobacca acetoxidans DSM 11109	880072.3	880072.3
			
880073.4	Caldithrix abyssi DSM 13497	880073.4	880073.4
			
880591.3	Ketogulonicigenium vulgare Y25	759362.5	759362.5
			
882.5	Desulfovibrio vulgaris str. Hildenborough	882.5	882.5
			
882102.3	Vibrio anguillarum 775	312309.11	990998.3
			
882378.3	Burkholderia rhizoxinica HKI 454	243160.12	882378.3
			
883.3	Desulfovibrio vulgaris str. 'Miyazaki F'	882.5	883.4
			
883098.3	Bergeyella zoohelcum CCUG 30536	693978.3	883096.3
			
883111.3	Facklamia hominis CCUG 36813	883111.3	883111.3
			
883114.3	Helcococcus kunzii ATCC 51366	883114.3	883114.3
			
883161.3	Propionimicrobium lymphophilum ACS-093-V-SCH5	883161.3	883161.3
			
887898.3	Lautropia mirabilis ATCC 51599	887898.3	887898.3
			
888741.3	Kingella denitrificans ATCC 33394	242231.10	242231.10
			
889201.3	Streptococcus cristatus ATCC 51100	764298.7	1302863.3
			
891968.3	Anaerobaculum mobile DSM 13181	891968.3	891968.3
			
903503.4	Moranella endobia PCIT	903503.4	903503.4
			
903814.3	Eubacterium limosum KIST612	903814.3	903814.3
			
907.4	Megasphaera elsdenii	907.4	907.4
			
908337.3	Eremococcus coleocola ACS-139-V-Col8	908337.3	908337.3
			
911045.3	Pseudovibrio sp. FO-BEG1	911045.3	911045.3
			
926556.3	Echinicola vietnamensis DSM 17526	388413.5	926556.3
			
926569.3	Anaerolinea thermophila UNI-1	926569.3	926569.3
			
929562.3	Emticicia oligotrophica DSM 17448	929562.3	929562.3
			
929563.3	Leptonema illini DSM 21528	929563.3	929563.3
			
929713.3	Niabella soli DSM 19437	929713.3	929713.3
			
931626.3	Acetobacterium woodii DSM 1030	52694.7	931626.3
			
937774.3	Taylorella equigenitalis MCE9	937774.3	937774.3
			
940190.3	Melissococcus plutonius ATCC 35311	940190.3	940190.3
			
945713.3	Ignavibacterium album JCM 16511	945713.3	945713.3
			
95666.5	Ureaplasma urealyticum serovar 12	505682.4	565575.4
			
96561.3	Desulfococcus oleovorans Hxd3	96561.5	96561.5
			
97084.1	Bacteriovorax marinus SJ	862908.3	862908.3
			
97393.1	Ferroplasma acidarmanus	333146.12	333146.12
			
979556.3	Microbacterium testaceum StLB037	979556.3	979556.3
			
983544.3	Lacinutrix sp. 5H-3-7-4	867900.3	983544.3
			
983545.3	Glaciecola sp. 4H-3-7+YE-5	283942.6	342610.6
			
983917.3	Rubrivivax gelatinosus IL144	983917.3	983917.3
			
983954.3	Methyloversatilis sp. RZ18-153	2569862.14	1119528.3
			
985867.6	Candidatus Odyssella thessalonicensis L13	985867.6	985867.6
			
991905.3	Polymorphum gilvum SL003B-26A1	991905.3	991905.3
			
99287.1	Salmonella typhimurium LT2	511145.12	511145.12
			
99598.3	Calothrix sp. PCC 7507	1173021.3	99598.3